snapped_at,price,market_cap,total_volume
2019-11-17 00:00:00 UTC,0.010277496233952957,0.0,23245378.461334463
2019-11-18 00:00:00 UTC,0.010130738182042182,0.0,13653938.312069887
2019-11-19 00:00:00 UTC,0.009405103742987045,0.0,13496050.684510563
2019-11-20 00:00:00 UTC,0.007865065462920115,0.0,14442422.765206246
2019-11-21 00:00:00 UTC,0.008843753299679529,0.0,15765069.416135104
2019-11-22 00:00:00 UTC,0.009131723971613354,0.0,19896773.564498737
2019-11-23 00:00:00 UTC,0.008483017618372987,0.0,15600778.218009928
2019-11-24 00:00:00 UTC,0.008379672275921684,0.0,13349064.858158302
2019-11-25 00:00:00 UTC,0.00820881428339904,0.0,10793543.128282577
2019-11-26 00:00:00 UTC,0.008413814204351607,0.0,13888481.021027027
2019-11-27 00:00:00 UTC,0.008059168325588627,0.0,10609403.237164846
2019-11-28 00:00:00 UTC,0.00847676512523338,0.0,9272686.767291
2019-11-29 00:00:00 UTC,0.00805854933457369,0.0,6667867.336008532
2019-11-30 00:00:00 UTC,0.008344603575423682,0.0,7004406.766789395
2019-12-01 00:00:00 UTC,0.008035829991046083,0.0,7285352.165207849
2019-12-02 00:00:00 UTC,0.008070599472454644,0.0,6463845.55058029
2019-12-03 00:00:00 UTC,0.007986197909451622,100279977.16563381,6889029.775704692
2019-12-04 00:00:00 UTC,0.007869011959657161,98878639.73055111,7059600.930800447
2019-12-05 00:00:00 UTC,0.007754539410460751,97932080.7600859,7770897.575277493
2019-12-06 00:00:00 UTC,0.007884950320599125,99279125.19200905,8745314.444109011
2019-12-07 00:00:00 UTC,0.007918438374866584,99664884.1783826,6090664.282065603
2019-12-08 00:00:00 UTC,0.007935770045879491,99838762.83052255,4850404.180579174
2019-12-09 00:00:00 UTC,0.008318923559749888,104986758.74879406,6758382.075948032
2019-12-10 00:00:00 UTC,0.008533452239178774,107776580.7300367,9928750.657202126
2019-12-11 00:00:00 UTC,0.007869435937570987,99576952.95225741,7212358.950859856
2019-12-12 00:00:00 UTC,0.007829000082100825,99298948.91487762,5172268.024975559
2019-12-13 00:00:00 UTC,0.007760974135682663,98356828.8187352,4479467.558375222
2019-12-14 00:00:00 UTC,0.007817494182876236,98956994.12525417,4409566.391817059
2019-12-15 00:00:00 UTC,0.00815509648496704,103502045.40481587,7071442.387123784
2019-12-16 00:00:00 UTC,0.008308327422267515,105596222.49069868,5879751.415538738
2019-12-17 00:00:00 UTC,0.00800725458387324,101273832.85554945,6587311.02166393
2019-12-18 00:00:00 UTC,0.007751780020979793,98054414.95651594,7747072.995543
2019-12-19 00:00:00 UTC,0.008138395334186624,102900242.84978926,8186553.81214383
2019-12-20 00:00:00 UTC,0.008291354959773723,105136875.87309168,10036908.174315104
2019-12-21 00:00:00 UTC,0.008413845231200132,106503376.2261459,8542346.13262497
2019-12-22 00:00:00 UTC,0.008153841991272278,103346793.14662455,6701514.195605983
2019-12-23 00:00:00 UTC,0.008194101469724805,103937630.38430554,7687030.376987709
2019-12-24 00:00:00 UTC,0.008031683498757497,102580750.11220749,6741807.015145688
2019-12-25 00:00:00 UTC,0.008094240634407076,102836682.86219075,6066499.445476366
2019-12-26 00:00:00 UTC,0.007889514652285275,100371222.03481999,4755170.314413079
2019-12-27 00:00:00 UTC,0.007893602018088365,100531409.68164635,6603456.115158677
2019-12-28 00:00:00 UTC,0.007805184915447507,99472828.16756335,6103106.285597049
2019-12-29 00:00:00 UTC,0.007630833290850995,97370581.79265498,5827187.559862097
2019-12-30 00:00:00 UTC,0.007691692206389473,98274304.25642003,5829236.515989692
2019-12-31 00:00:00 UTC,0.00749548266728159,95777740.40846626,3985216.403867808
2020-01-01 00:00:00 UTC,0.006933156303071844,88731067.08228777,6398394.52619169
2020-01-02 00:00:00 UTC,0.006891051933389259,88229090.90076873,6058459.774491878
2020-01-03 00:00:00 UTC,0.0064513703040285615,82860340.22286335,5420908.393815074
2020-01-04 00:00:00 UTC,0.0065554779456941025,83989499.17409186,5598800.724111928
2020-01-05 00:00:00 UTC,0.006474052372588313,83133787.16288772,5222491.956489177
2020-01-06 00:00:00 UTC,0.006462420150975743,83020525.5604237,5489442.832053113
2020-01-07 00:00:00 UTC,0.00643604185254007,82902908.4071539,5505243.235109071
2020-01-08 00:00:00 UTC,0.0066008395956965275,84652621.11223565,5819266.330826272
2020-01-09 00:00:00 UTC,0.006875892133556456,88785948.34507428,7720740.7579341605
2020-01-10 00:00:00 UTC,0.006696239964742781,86565577.51621412,6603425.0207707975
2020-01-11 00:00:00 UTC,0.0066994606767163374,86733319.79519948,6914112.450864036
2020-01-12 00:00:00 UTC,0.006464626585986471,83776012.31098254,5929322.478185799
2020-01-13 00:00:00 UTC,0.006447717482945987,83063489.61984831,4666244.317718464
2020-01-14 00:00:00 UTC,0.006076442791101045,78816372.70734987,5790623.238087999
2020-01-15 00:00:00 UTC,0.006824786204341777,88033008.33211957,10090714.333980652
2020-01-16 00:00:00 UTC,0.006432893428039752,83424552.92042464,7344431.381286248
2020-01-17 00:00:00 UTC,0.006239454448957739,81219698.06238174,6087334.257882485
2020-01-18 00:00:00 UTC,0.006114475252213393,79576158.60104044,6213619.271151265
2020-01-19 00:00:00 UTC,0.0060229318625896954,78545259.70257789,5207542.04653434
2020-01-20 00:00:00 UTC,0.005047626885117767,65487231.06326093,9190006.78867591
2020-01-21 00:00:00 UTC,0.005070942088228236,66622451.63620733,5008692.430614518
2020-01-22 00:00:00 UTC,0.005578312361780953,73366322.33200476,7727890.147539446
2020-01-23 00:00:00 UTC,0.006542752318246012,85779727.63852987,9312626.877909938
2020-01-24 00:00:00 UTC,0.0064273314079668405,84045626.64867298,10959550.886019802
2020-01-25 00:00:00 UTC,0.00695626552647043,90944077.62128146,11753034.034494858
2020-01-26 00:00:00 UTC,0.0063228143797932675,82942430.07244973,8125121.528933328
2020-01-27 00:00:00 UTC,0.006368672200600144,83444443.58285977,6651503.404582602
2020-01-28 00:00:00 UTC,0.006069604072992772,79750089.57768306,6664658.340453694
2020-01-29 00:00:00 UTC,0.006761990581750772,88519284.24424979,7311638.386110175
2020-01-30 00:00:00 UTC,0.006482974966185399,85295321.50201286,7264152.999656635
2020-01-31 00:00:00 UTC,0.006498418410424948,85537901.97328576,6377847.299340771
2020-02-01 00:00:00 UTC,0.006288817411347093,82590795.27866721,6761364.639721
2020-02-02 00:00:00 UTC,0.00637757357237881,84086108.96222122,5544432.742766555
2020-02-03 00:00:00 UTC,0.006432630352072198,84809267.31665502,6077758.797502205
2020-02-04 00:00:00 UTC,0.00635317920667309,84113516.41448085,6205756.331325881
2020-02-05 00:00:00 UTC,0.006173469368578326,81795354.89211366,5051375.30423111
2020-02-06 00:00:00 UTC,0.006424858079447575,85053800.87703958,6683349.452086737
2020-02-07 00:00:00 UTC,0.00648200220019221,85772671.64137353,6783135.578349602
2020-02-08 00:00:00 UTC,0.007073683833960101,93550886.84073608,9525869.260298885
2020-02-09 00:00:00 UTC,0.006964891551974602,92383874.52383868,8999998.577194158
2020-02-10 00:00:00 UTC,0.006839334367233888,90819777.33351313,9314927.116579223
2020-02-11 00:00:00 UTC,0.006877774219024345,91415678.20890372,9523624.044603325
2020-02-12 00:00:00 UTC,0.008068007855577533,108159326.93503696,15364912.00043609
2020-02-13 00:00:00 UTC,0.00823561035915784,109502937.34085476,15302649.19414729
2020-02-14 00:00:00 UTC,0.007722816302698386,102925592.2829581,12063271.702376168
2020-02-15 00:00:00 UTC,0.008150460569444084,108613295.48286894,7431971.753493435
2020-02-16 00:00:00 UTC,0.007525332695519286,100482891.49994989,8043404.373708475
2020-02-17 00:00:00 UTC,0.007236287603028764,96001257.08769132,8408618.145119708
2020-02-18 00:00:00 UTC,0.006932947082284719,92617211.4682539,6771331.449628069
2020-02-19 00:00:00 UTC,0.007148485475291426,95677291.34488669,8444241.257143477
2020-02-20 00:00:00 UTC,0.006940950497956974,92919452.74823524,8100707.4761284
2020-02-21 00:00:00 UTC,0.006905591857293877,92876720.93966548,8787884.969129482
2020-02-22 00:00:00 UTC,0.0073781818049580145,99604484.10738927,9157302.501145573
2020-02-23 00:00:00 UTC,0.00750793880731238,100695149.4929723,7150046.8490375085
2020-02-24 00:00:00 UTC,0.007497120465652569,101292368.24247077,9061843.619128484
2020-02-25 00:00:00 UTC,0.0069706621648558354,93790927.45493932,9291026.608116286
2020-02-26 00:00:00 UTC,0.006527344742851617,88025609.96504948,9314883.05577487
2020-02-27 00:00:00 UTC,0.005568680764745995,75050038.5601132,11228028.451229861
2020-02-28 00:00:00 UTC,0.005973988621979151,81583318.72366579,9813156.730770605
2020-02-29 00:00:00 UTC,0.005939078462169384,80234561.1839223,7675355.622262222
2020-03-01 00:00:00 UTC,0.006427916883629287,86905653.36293994,9832402.538494917
2020-03-02 00:00:00 UTC,0.005968304072933151,80772788.158515,7586126.229353054
2020-03-03 00:00:00 UTC,0.00684164112756418,92674018.8759462,10679215.90818546
2020-03-04 00:00:00 UTC,0.0074273670146860725,100539672.96852286,11239769.128438221
2020-03-05 00:00:00 UTC,0.007717134898928222,104006133.37038165,13885269.319543745
2020-03-06 00:00:00 UTC,0.007426506686764298,100914298.84559359,10657216.384619676
2020-03-07 00:00:00 UTC,0.007564504220219788,102841392.05589908,9988116.577284915
2020-03-08 00:00:00 UTC,0.0070186625322497444,95286789.22930495,8639419.473401966
2020-03-09 00:00:00 UTC,0.006249833790846026,85481297.26640438,10667027.937777227
2020-03-10 00:00:00 UTC,0.006204452691047369,84937295.28824294,11193054.835541468
2020-03-11 00:00:00 UTC,0.006248740388334981,85275987.36815397,7647189.978883264
2020-03-12 00:00:00 UTC,0.006372308485395133,87091632.53860684,8149115.085395977
2020-03-13 00:00:00 UTC,0.002987079843598813,39388389.05264852,9592777.494793879
2020-03-14 00:00:00 UTC,0.00368037957287489,49811963.61765172,10218979.623165604
2020-03-15 00:00:00 UTC,0.003226843059256213,44039025.02193784,5044900.772653771
2020-03-16 00:00:00 UTC,0.0032690186336367098,44979581.73788576,4658280.326309885
2020-03-17 00:00:00 UTC,0.003001386480488302,40172665.609379336,5760827.121612072
2020-03-18 00:00:00 UTC,0.003270721627841083,44865168.9230141,4184409.4891893514
2020-03-19 00:00:00 UTC,0.0030906375586736276,42471218.04533081,4194541.981749755
2020-03-20 00:00:00 UTC,0.003505849409007102,48045676.59140478,6729876.327692303
2020-03-21 00:00:00 UTC,0.0034072773470933404,47181347.21202964,6371823.03140839
2020-03-22 00:00:00 UTC,0.003564501846434946,49581737.76601146,4998399.155223798
2020-03-23 00:00:00 UTC,0.003291344658265056,45863680.06918669,4104237.856490015
2020-03-24 00:00:00 UTC,0.0035457164949558727,48742873.894691825,4463343.845419683
2020-03-25 00:00:00 UTC,0.003772215818649369,51976691.95104637,5648767.675391214
2020-03-26 00:00:00 UTC,0.0036964744526654337,51084269.811480075,5427246.993310095
2020-03-27 00:00:00 UTC,0.0038021296968386714,52441459.00616187,4647149.339067908
2020-03-28 00:00:00 UTC,0.0037345051415707026,50724649.36709352,4283199.592876799
2020-03-29 00:00:00 UTC,0.0038455356968701312,53063366.969678245,6022181.668425718
2020-03-30 00:00:00 UTC,0.004059124701544089,56361308.37601625,6922969.726954973
2020-03-31 00:00:00 UTC,0.0043012316147592435,59686588.98270742,8405223.82270515
2020-04-01 00:00:00 UTC,0.004010922100069749,55760324.02530234,6409178.619110579
2020-04-02 00:00:00 UTC,0.0042362833070904065,59507931.557710126,6868728.667040408
2020-04-03 00:00:00 UTC,0.004448010387825011,61887995.46922438,10366782.326612566
2020-04-04 00:00:00 UTC,0.004640759993516181,64681284.115498774,10789172.47320458
2020-04-05 00:00:00 UTC,0.005397462963620017,75437270.70824161,11542536.294805294
2020-04-06 00:00:00 UTC,0.004814522315061029,67168165.26360847,9798248.659162428
2020-04-07 00:00:00 UTC,0.005375145567253058,74910641.54999107,9955765.566606838
2020-04-08 00:00:00 UTC,0.005483923209901053,76484038.78557906,10443445.704144338
2020-04-09 00:00:00 UTC,0.006076355769566629,85068791.65345882,10496240.686752383
2020-04-10 00:00:00 UTC,0.005945344227889152,83223363.07574141,11013982.804337557
2020-04-11 00:00:00 UTC,0.005285866743362322,74109429.93053427,13362763.250786167
2020-04-12 00:00:00 UTC,0.005360959218679499,75164132.2259507,10101119.844206732
2020-04-13 00:00:00 UTC,0.005255768313547503,74711434.18851097,8259890.883867807
2020-04-14 00:00:00 UTC,0.005128568473388067,72154940.96541362,9684503.317260407
2020-04-15 00:00:00 UTC,0.005008336146088508,70461996.00179663,7891965.566278621
2020-04-16 00:00:00 UTC,0.004738350488582409,66992106.94691154,7165371.663317012
2020-04-17 00:00:00 UTC,0.0049405436212346145,69689277.47457889,9280837.647772437
2020-04-18 00:00:00 UTC,0.005006949157481995,70710013.25951327,7249803.508295157
2020-04-19 00:00:00 UTC,0.005203397680531156,73428061.28076756,7352969.102477004
2020-04-20 00:00:00 UTC,0.00518454369051881,73257463.60864836,8115086.339455861
2020-04-21 00:00:00 UTC,0.0046692012165995,66194222.27760867,9410886.288274962
2020-04-22 00:00:00 UTC,0.004700611203740432,66545500.82241592,7414765.238456622
2020-04-23 00:00:00 UTC,0.004673284529327593,66199365.64570764,7041470.00711182
2020-04-24 00:00:00 UTC,0.004720645918119233,66828277.601999894,8876042.008881148
2020-04-25 00:00:00 UTC,0.0048676271338468375,69127254.4619468,8609066.750419786
2020-04-26 00:00:00 UTC,0.005015252250884169,71080075.73275205,8715237.859106911
2020-04-27 00:00:00 UTC,0.004989430590251787,70940907.98265246,8464632.634521345
2020-04-28 00:00:00 UTC,0.004748256318409055,67477631.59889714,10764105.740530323
2020-04-29 00:00:00 UTC,0.0047119701981193935,67122460.93970458,10798180.171801645
2020-04-30 00:00:00 UTC,0.0050083796094649155,71503686.94561884,16845020.238705028
2020-05-01 00:00:00 UTC,0.004631057828054451,66343660.12730789,16622630.82474303
2020-05-02 00:00:00 UTC,0.004802101766716257,68489661.3864557,15142667.645640071
2020-05-03 00:00:00 UTC,0.00469788840862454,80535452.93657698,8329883.982370888
2020-05-04 00:00:00 UTC,0.004361721848876032,74669369.34229517,11456386.038312687
2020-05-05 00:00:00 UTC,0.004295452283500999,73622310.12188517,8349156.043408052
2020-05-06 00:00:00 UTC,0.004539423818415606,77579419.86280352,7655950.880234536
2020-05-07 00:00:00 UTC,0.004492163117416302,77611738.05974779,7419792.692572777
2020-05-08 00:00:00 UTC,0.004489223228998573,77746280.43489711,7110729.672474404
2020-05-09 00:00:00 UTC,0.0044265442576142296,76082451.15161277,10588896.144828143
2020-05-10 00:00:00 UTC,0.004258708332788182,76586213.1560359,11473482.054500472
2020-05-11 00:00:00 UTC,0.003950519242988558,67984597.96279447,11359112.623230577
2020-05-12 00:00:00 UTC,0.003797528139885475,65117992.78805324,11230194.071993062
2020-05-13 00:00:00 UTC,0.004129541251416889,71059108.40078309,13586337.124596823
2020-05-14 00:00:00 UTC,0.004050708640055427,69432114.25500482,13432753.608463727
2020-05-15 00:00:00 UTC,0.00405218282679467,68505243.69948056,15087086.098526394
2020-05-16 00:00:00 UTC,0.003932157435795933,67614266.9794375,14218856.218335526
2020-05-17 00:00:00 UTC,0.003952184575423839,68108753.60349298,14176714.458155533
2020-05-18 00:00:00 UTC,0.00417197000170554,72325705.0121881,16651511.318383431
2020-05-19 00:00:00 UTC,0.00425298932506699,72797649.00244762,14225647.513260849
2020-05-20 00:00:00 UTC,0.004099323620183094,72237815.77437094,8861900.745865704
2020-05-21 00:00:00 UTC,0.0040501375364607635,70279834.43184188,7197091.95500759
2020-05-22 00:00:00 UTC,0.003885484126615035,67214886.5782985,8279110.057998966
2020-05-23 00:00:00 UTC,0.004133485329181403,71785535.22592637,8037987.346708844
2020-05-24 00:00:00 UTC,0.0043224459284987166,75089764.33742163,8660880.819843465
2020-05-25 00:00:00 UTC,0.004069364282758908,71003857.19074708,10587667.33653753
2020-05-26 00:00:00 UTC,0.004171502534226357,72680258.42867827,9625959.616405357
2020-05-27 00:00:00 UTC,0.004437424759977149,77288527.6169599,7912021.661046878
2020-05-28 00:00:00 UTC,0.004331519460519116,75412742.62243769,7198905.130592909
2020-05-29 00:00:00 UTC,0.004160044228337796,72727370.66020659,5247123.0637428
2020-05-30 00:00:00 UTC,0.004148277563403601,72372166.15354872,5269317.251821557
2020-05-31 00:00:00 UTC,0.004226230697938527,73048332.78895737,5893483.093239032
2020-06-01 00:00:00 UTC,0.004005380201847821,69900711.53882456,5537962.581888419
2020-06-02 00:00:00 UTC,0.004142516662032627,72380965.19009484,5856915.828115989
2020-06-03 00:00:00 UTC,0.004035436799005487,70494485.29098386,7073581.901019308
2020-06-04 00:00:00 UTC,0.004124085926208862,71923167.07578455,6089391.91370899
2020-06-05 00:00:00 UTC,0.004352943697567045,76297146.79052001,6761527.045311122
2020-06-06 00:00:00 UTC,0.0042923245228401645,75283033.56565358,6966833.094828586
2020-06-07 00:00:00 UTC,0.004230547142611939,74179370.36344188,4926520.371551837
2020-06-08 00:00:00 UTC,0.004164014904329445,72688396.94303471,5311145.50488777
2020-06-09 00:00:00 UTC,0.004337825705808355,76282201.47412269,5356603.655035099
2020-06-10 00:00:00 UTC,0.004659591056853423,81952888.85118873,8409897.741274107
2020-06-11 00:00:00 UTC,0.004401885118042619,77370825.32625689,7648544.852698372
2020-06-12 00:00:00 UTC,0.004178375790534269,73663976.41284631,7265901.505987951
2020-06-13 00:00:00 UTC,0.004308503836919406,75857850.98443183,6450629.482420827
2020-06-14 00:00:00 UTC,0.004233861884962731,74586151.86485147,5884347.934874724
2020-06-15 00:00:00 UTC,0.004099539316579893,72294987.22240281,3972284.088383541
2020-06-16 00:00:00 UTC,0.004097780201554323,72369452.44392136,6860901.4137851745
2020-06-17 00:00:00 UTC,0.004071000343393898,71899873.11218446,5817598.751708195
2020-06-18 00:00:00 UTC,0.004093465030110658,72422505.72264053,6085947.265720894
2020-06-19 00:00:00 UTC,0.0040466318989997125,71616390.51063575,5643758.891371846
2020-06-20 00:00:00 UTC,0.004067280552742358,72013105.5130704,5501474.365703887
2020-06-21 00:00:00 UTC,0.004233203899335396,74930961.63083465,6558236.619523856
2020-06-22 00:00:00 UTC,0.004159004491448474,73610531.84068444,5456588.725516854
2020-06-23 00:00:00 UTC,0.004362089896596466,77443184.40792772,5350042.25338381
2020-06-24 00:00:00 UTC,0.004308197815061081,76381543.97023216,5059895.693704332
2020-06-25 00:00:00 UTC,0.004112167581595056,73047586.98168209,5787112.7299665045
2020-06-26 00:00:00 UTC,0.004049269861469318,72018555.30493486,5531910.906381127
2020-06-27 00:00:00 UTC,0.0040677270188612,72267346.77207993,5134408.21985467
2020-06-28 00:00:00 UTC,0.004016975175091272,71629947.60500655,4525242.001542529
2020-06-29 00:00:00 UTC,0.004037707234665259,71712941.04863933,4386411.081149972
2020-06-30 00:00:00 UTC,0.004763482669643808,84744185.43872258,9120673.498172611
2020-07-01 00:00:00 UTC,0.004326454216266099,77265274.19313732,5605051.984597771
2020-07-02 00:00:00 UTC,0.004441780770737551,79351414.94004731,4943197.079917606
2020-07-03 00:00:00 UTC,0.004194291365516965,74752513.18752632,5944049.62982145
2020-07-04 00:00:00 UTC,0.004478492462205432,87705286.09175481,5451087.875211188
2020-07-05 00:00:00 UTC,0.0047465108051347885,93672867.79085353,7132309.089925305
2020-07-06 00:00:00 UTC,0.0044120337505679464,87868969.95558038,6225092.702909057
2020-07-07 00:00:00 UTC,0.0045634907724597575,90292324.9404855,6803807.18204841
2020-07-08 00:00:00 UTC,0.004548697065313487,90185530.79284973,5494088.741508501
2020-07-09 00:00:00 UTC,0.00481221988755826,95336609.47782962,6683463.812180879
2020-07-10 00:00:00 UTC,0.005485278551878361,108782730.52914959,12863708.78372719
2020-07-11 00:00:00 UTC,0.005123224362444879,101737441.55402206,8526441.419715552
2020-07-12 00:00:00 UTC,0.005726625941948417,113738304.9643486,10203221.048946882
2020-07-13 00:00:00 UTC,0.006116894445221559,121766746.00958192,14857888.207398487
2020-07-14 00:00:00 UTC,0.005614828795719392,112022447.90255381,10265036.187311264
2020-07-15 00:00:00 UTC,0.005784006463373013,115230359.52189945,11953728.350827431
2020-07-16 00:00:00 UTC,0.005289705892254435,105159675.27055708,9100087.936408112
2020-07-17 00:00:00 UTC,0.005269725036143031,105119058.06199867,9271133.812493363
2020-07-18 00:00:00 UTC,0.005282881327713575,105602848.42295197,8901022.145184401
2020-07-19 00:00:00 UTC,0.0054489492323926,108393660.768394,8499547.151131798
2020-07-20 00:00:00 UTC,0.005223287208432859,103771969.26662706,8402188.921215737
2020-07-21 00:00:00 UTC,0.00491257594107196,98456773.06894779,8223235.325303391
2020-07-22 00:00:00 UTC,0.005724501001628788,115368340.1546515,14041673.82215415
2020-07-23 00:00:00 UTC,0.005504696886455404,109962632.38568573,13170271.32016781
2020-07-24 00:00:00 UTC,0.0052896969580606586,105612161.69544066,8805613.003834847
2020-07-25 00:00:00 UTC,0.005356356418656795,107407754.51613557,9655165.471665042
2020-07-26 00:00:00 UTC,0.005473841646221561,109754143.70623547,10457578.520628618
2020-07-27 00:00:00 UTC,0.005818431019833231,116791731.579429,12662563.605054917
2020-07-28 00:00:00 UTC,0.00554388707527114,111374333.45697027,10998462.056181343
2020-07-29 00:00:00 UTC,0.0058114330205046565,116928351.4560132,12570746.237071984
2020-07-30 00:00:00 UTC,0.005413006386173517,108684597.72725467,12665600.519394968
2020-07-31 00:00:00 UTC,0.005600511862561829,113518099.98448019,13097879.801216464
2020-08-01 00:00:00 UTC,0.005576526642826947,112248754.28272381,11696768.094807897
2020-08-02 00:00:00 UTC,0.00570125795808456,114823348.39454606,13083482.514695281
2020-08-03 00:00:00 UTC,0.005542433603324327,111803667.79732524,12171429.54426941
2020-08-04 00:00:00 UTC,0.005502133022879437,110937634.48667262,11486402.186486313
2020-08-05 00:00:00 UTC,0.005616439230333469,113180582.00943936,11079920.356937908
2020-08-06 00:00:00 UTC,0.006386156097589957,128304162.06602053,25729219.02099768
2020-08-07 00:00:00 UTC,0.006282014886472966,126800792.82552236,15534113.047985865
2020-08-08 00:00:00 UTC,0.006149876194510848,123692627.19483249,14026634.819416285
2020-08-09 00:00:00 UTC,0.006120279233120823,124091613.81519856,13397433.547598163
2020-08-10 00:00:00 UTC,0.006900958390728634,139593256.67371306,19250272.0497052
2020-08-11 00:00:00 UTC,0.008480595554487992,171813120.17246047,41141985.4942768
2020-08-12 00:00:00 UTC,0.007747753335344264,156564621.04712546,23881374.64120416
2020-08-13 00:00:00 UTC,0.008022276630881956,162376587.68079892,22549995.83609992
2020-08-14 00:00:00 UTC,0.008971741709327371,182072675.55994564,26846611.948930137
2020-08-15 00:00:00 UTC,0.008624050148512025,175716197.18075433,22357243.73382207
2020-08-16 00:00:00 UTC,0.009297166646323917,188517595.2582187,11425445.719272824
2020-08-17 00:00:00 UTC,0.008882839495721682,180050728.77596152,8675582.585715827
2020-08-18 00:00:00 UTC,0.009161597381461866,187404372.96227193,11409809.916689867
2020-08-19 00:00:00 UTC,0.008995435931092467,182482300.70365494,22546037.40141347
2020-08-20 00:00:00 UTC,0.008639119860327628,175539802.516181,20487357.690027993
2020-08-21 00:00:00 UTC,0.008855353257335278,181086256.01237875,17936915.94701737
2020-08-22 00:00:00 UTC,0.008156324523764084,165635432.38292196,17071042.590559825
2020-08-23 00:00:00 UTC,0.008389729372443,171209142.77911925,17965432.33022958
2020-08-24 00:00:00 UTC,0.008048567759782587,164231802.6019845,15196522.270569716
2020-08-25 00:00:00 UTC,0.007548936914207081,153606977.46915767,17692061.991997823
2020-08-26 00:00:00 UTC,0.006832751475804808,139603901.68776238,17928052.112590455
2020-08-27 00:00:00 UTC,0.007339408881358191,148737690.65733555,19879953.90598737
2020-08-28 00:00:00 UTC,0.006767380148304216,138333504.0689536,8253530.254567518
2020-08-29 00:00:00 UTC,0.00676351542269896,139490913.76000828,14878515.56288882
2020-08-30 00:00:00 UTC,0.006597793615720516,135006568.41649097,13972439.444630183
2020-08-31 00:00:00 UTC,0.007046818313498392,144353816.83731025,16935950.38896396
2020-09-01 00:00:00 UTC,0.006980315346331417,143699365.79064327,18557114.085238766
2020-09-02 00:00:00 UTC,0.006888101078441064,141415077.625943,18150238.671307296
2020-09-03 00:00:00 UTC,0.00636220113282352,130595852.86882608,19105261.704811927
2020-09-04 00:00:00 UTC,0.005351567740932923,110499613.72267587,13648163.262125116
2020-09-05 00:00:00 UTC,0.005602193648841173,115149421.90621285,15575735.93269614
2020-09-06 00:00:00 UTC,0.004804421631971418,98528049.93017551,13743478.960523244
2020-09-07 00:00:00 UTC,0.005212501686713283,107499754.92944157,14172113.111918818
2020-09-08 00:00:00 UTC,0.00526778454602585,108500296.9889506,11222601.036843764
2020-09-09 00:00:00 UTC,0.005047118540796295,103854142.62654911,11085913.753206413
2020-09-10 00:00:00 UTC,0.0049995596984328365,103343471.20447676,10631120.575921562
2020-09-11 00:00:00 UTC,0.0049727071960478895,102012674.58739188,11274177.50203755
2020-09-12 00:00:00 UTC,0.004764893445526739,98370543.68290591,5368735.743072117
2020-09-13 00:00:00 UTC,0.0049503368185875194,102154814.6841767,5580774.678743611
2020-09-14 00:00:00 UTC,0.0048746297222555975,100663470.5895969,5095062.239826716
2020-09-15 00:00:00 UTC,0.005076354337581507,105201905.71465774,4877581.717903255
2020-09-16 00:00:00 UTC,0.005349451947477632,110575722.78070146,6733387.079185642
2020-09-17 00:00:00 UTC,0.005651032150854211,116467460.38606764,7073606.574545575
2020-09-18 00:00:00 UTC,0.005343191934885058,110692402.78585121,5901763.87962767
2020-09-19 00:00:00 UTC,0.0049752854688314635,103356361.85298969,4433797.631207427
2020-09-20 00:00:00 UTC,0.004956530997050291,102524303.42650488,4024274.7266960307
2020-09-21 00:00:00 UTC,0.004725268597861997,98166180.47736567,4437049.939357264
2020-09-22 00:00:00 UTC,0.004581882792347391,95168292.36218004,4285437.199468241
2020-09-23 00:00:00 UTC,0.004607865398575511,95896870.17165902,3081019.8568086163
2020-09-24 00:00:00 UTC,0.004519230876657647,93945823.52761461,3828059.09736397
2020-09-25 00:00:00 UTC,0.004751350555430125,98894718.59094551,3406928.250476046
2020-09-26 00:00:00 UTC,0.005161192889178828,107296957.85717651,3328869.4813514072
2020-09-27 00:00:00 UTC,0.005287881949434211,110044721.41403225,4562213.709575403
2020-09-28 00:00:00 UTC,0.005158736501573316,107410920.3705734,4071821.966135952
2020-09-29 00:00:00 UTC,0.005099320716951189,106331494.3712285,4366442.444334425
2020-09-30 00:00:00 UTC,0.005290701597619669,110884658.81220157,4970935.486663263
2020-10-01 00:00:00 UTC,0.0051701666150563924,107673803.17697217,4423746.823770913
2020-10-02 00:00:00 UTC,0.004683719569958507,97669596.88323212,5878300.500539587
2020-10-03 00:00:00 UTC,0.004644848272427228,96939705.70129228,4293311.718033677
2020-10-04 00:00:00 UTC,0.004732893527822469,98911193.81901306,4106347.5318290186
2020-10-05 00:00:00 UTC,0.004775336551910342,100047754.60527736,3847744.7854428226
2020-10-06 00:00:00 UTC,0.004946473792106654,103273203.67562595,4441154.751130827
2020-10-07 00:00:00 UTC,0.004549698598604904,95197977.60603438,4319494.623053839
2020-10-08 00:00:00 UTC,0.004583243605096019,95941872.35337795,4311924.009043077
2020-10-09 00:00:00 UTC,0.004563384298124997,95458080.40065466,4460942.900135677
2020-10-10 00:00:00 UTC,0.004655019407082059,97391577.72032164,4181799.36030252
2020-10-11 00:00:00 UTC,0.004961863441914296,103967682.26173526,4679018.828436864
2020-10-12 00:00:00 UTC,0.004772433564646543,100153566.65107493,4452391.59191208
2020-10-13 00:00:00 UTC,0.004745988084510306,99787397.05705874,4572300.995333201
2020-10-14 00:00:00 UTC,0.004689953457109149,98590430.35165636,4273605.494799497
2020-10-15 00:00:00 UTC,0.004567860054072501,96065856.24986182,4384208.023451186
2020-10-16 00:00:00 UTC,0.0044866114968144894,94405367.29550102,4518581.7899369355
2020-10-17 00:00:00 UTC,0.004298664544416524,90541601.0359436,4300625.813689889
2020-10-18 00:00:00 UTC,0.004316857852625683,90903052.05574721,3945733.265267327
2020-10-19 00:00:00 UTC,0.004253216853482657,89580909.84854728,4583827.799979386
2020-10-20 00:00:00 UTC,0.004212959138221767,88872149.21565081,4286392.046509391
2020-10-21 00:00:00 UTC,0.004015451653167242,84648069.8903805,4272339.660130389
2020-10-22 00:00:00 UTC,0.004060395417524524,85652989.33298203,4267575.670335953
2020-10-23 00:00:00 UTC,0.004137961106705156,87460968.80143026,3504235.2443175875
2020-10-24 00:00:00 UTC,0.00411241439496585,86792278.0649726,3281556.138247475
2020-10-25 00:00:00 UTC,0.0040253921765223,85107710.46107844,3093596.6100085163
2020-10-26 00:00:00 UTC,0.003993545494710515,84513367.07785796,2909535.668273316
2020-10-27 00:00:00 UTC,0.003999779265013149,84723985.89614949,3685987.3868206465
2020-10-28 00:00:00 UTC,0.00400508790251066,85523091.30535723,3353752.3470755927
2020-10-29 00:00:00 UTC,0.003933888218125361,83478450.69457655,3616227.395486442
2020-10-30 00:00:00 UTC,0.0037898205801841244,80428588.96526855,3171375.727702111
2020-10-31 00:00:00 UTC,0.0037298235475332286,79279789.75099292,2802799.216240268
2020-11-01 00:00:00 UTC,0.0036802008833506424,78120797.15594098,3081221.0688493173
2020-11-02 00:00:00 UTC,0.003562307485861079,75841156.17953907,2884982.93306532
2020-11-03 00:00:00 UTC,0.0032348973170720054,69102148.63975951,4117359.061789236
2020-11-04 00:00:00 UTC,0.0030676077800495085,65247495.45586826,3251883.255003472
2020-11-05 00:00:00 UTC,0.0029727984062325238,63380471.306100234,2962854.126259765
2020-11-06 00:00:00 UTC,0.0028056606335468298,59254619.64693081,3732883.3962957417
2020-11-07 00:00:00 UTC,0.0030123759088283054,64110257.991074964,4003087.181042249
2020-11-08 00:00:00 UTC,0.002992084287113736,63736497.224070884,3377428.148313468
2020-11-09 00:00:00 UTC,0.002970020232163395,63173239.03988198,2519624.434743275
2020-11-10 00:00:00 UTC,0.0028223189743361208,60127416.91418356,2724683.9197873054
2020-11-11 00:00:00 UTC,0.003056717051297984,65221093.13335762,8905217.852565242
2020-11-12 00:00:00 UTC,0.003101222676934223,65996718.44827776,4328258.806613735
2020-11-13 00:00:00 UTC,0.0030756085343807394,65696219.41074072,3413347.41665324
2020-11-14 00:00:00 UTC,0.0032058718307865774,68606646.44731061,3201118.6037704195
2020-11-15 00:00:00 UTC,0.003053627242955121,65385360.71745167,2872665.5447321828
2020-11-16 00:00:00 UTC,0.003322830010655467,71173383.3585656,4011525.3606945192
2020-11-17 00:00:00 UTC,0.0033515262497925717,71962554.49289025,3949280.2179685356
2020-11-18 00:00:00 UTC,0.003480433923421821,74639705.65072332,3914375.9788525803
2020-11-19 00:00:00 UTC,0.003075088411269493,66405727.27588869,3890276.447888603
2020-11-20 00:00:00 UTC,0.003196802932885785,68595412.82631378,3841585.711955905
2020-11-21 00:00:00 UTC,0.0031931196767873826,68607819.17534299,3813677.217308596
2020-11-22 00:00:00 UTC,0.0034555614279913167,74167891.12568998,4582499.943552633
2020-11-23 00:00:00 UTC,0.0032735477290239635,70717357.86693203,4438135.308331528
2020-11-24 00:00:00 UTC,0.0035698601645457397,76701425.591896,5332411.8349044435
2020-11-25 00:00:00 UTC,0.003985711641704084,85774995.76476498,7117462.400441193
2020-11-26 00:00:00 UTC,0.004000635765903876,86310628.28330106,4612863.166954403
2020-11-27 00:00:00 UTC,0.0038303614719188144,82602222.07371259,7148103.334430957
2020-11-28 00:00:00 UTC,0.0038295485892662472,82513233.20392923,3396554.3308282606
2020-11-29 00:00:00 UTC,0.004094980293432318,88056369.83114849,3734479.3866333314
2020-11-30 00:00:00 UTC,0.00403222019004826,87009749.41948372,3133349.5635196427
2020-12-01 00:00:00 UTC,0.004042262679639192,88030693.99591604,3545124.37089314
2020-12-02 00:00:00 UTC,0.004054441845682163,87415942.72436903,3751421.476298529
2020-12-03 00:00:00 UTC,0.003999103628080535,86575808.41900793,2697947.8155066255
2020-12-04 00:00:00 UTC,0.004133391275540782,89368854.88227572,2788679.6298949006
2020-12-05 00:00:00 UTC,0.004116612823360963,89141152.28161494,3297835.430606956
2020-12-06 00:00:00 UTC,0.004195437393553252,90851030.47075385,2652870.437655568
2020-12-07 00:00:00 UTC,0.004385803911062946,95052743.58568439,2883492.500926646
2020-12-08 00:00:00 UTC,0.004560984258282987,98968813.38974054,4137834.1194934878
2020-12-09 00:00:00 UTC,0.004120578476357331,89838797.1299395,3934922.2635966293
2020-12-10 00:00:00 UTC,0.004017637637220763,87380054.48699468,3506529.6329458053
2020-12-11 00:00:00 UTC,0.004004686815435298,87035589.59821792,2838349.125219909
2020-12-12 00:00:00 UTC,0.004247619031100919,92248299.88365713,3472647.363551825
2020-12-13 00:00:00 UTC,0.004245320540805367,92363926.81802903,2461329.3477860983
2020-12-14 00:00:00 UTC,0.00432636526330886,94291927.73963316,2875263.070879464
2020-12-15 00:00:00 UTC,0.004366716549917776,95125943.20505397,3433701.372245446
2020-12-16 00:00:00 UTC,0.004602141873675137,100160829.8673614,3756790.90791708
2020-12-17 00:00:00 UTC,0.0048278905270153815,105460754.06405379,5287484.63458852
2020-12-18 00:00:00 UTC,0.004588695097932037,100150309.50157212,4304839.129374283
2020-12-19 00:00:00 UTC,0.004619799329280302,100566991.77500662,2794226.328461496
2020-12-20 00:00:00 UTC,0.004383234552065378,95566199.79663448,3808981.398855315
2020-12-21 00:00:00 UTC,0.0042989361725129915,94036594.01132399,3511288.7251554094
2020-12-22 00:00:00 UTC,0.003997780460835335,87528387.95777549,3505781.0558776376
2020-12-23 00:00:00 UTC,0.0040520970736194215,88593756.9689064,3408326.1976606897
2020-12-24 00:00:00 UTC,0.003995054037229805,87593542.48580869,4579230.690309059
2020-12-25 00:00:00 UTC,0.004151538342615456,91249947.93581046,3259061.473399818
2020-12-26 00:00:00 UTC,0.00412626384957821,90065544.30028692,3004280.3984207036
2020-12-27 00:00:00 UTC,0.003997753853359055,87563652.806418,2794153.0676469044
2020-12-28 00:00:00 UTC,0.003995677605332879,87599197.14749171,3928161.647714165
2020-12-29 00:00:00 UTC,0.003992752845553995,87777375.19364414,2875661.8029110665
2020-12-30 00:00:00 UTC,0.0037023514791998907,81324976.12962174,3747546.9729083353
2020-12-31 00:00:00 UTC,0.003734318355462627,82170240.1759059,3235915.770329996
2021-01-01 00:00:00 UTC,0.0038052450205567374,83412685.0134501,2846774.28093825
2021-01-02 00:00:00 UTC,0.00403843660466713,88078209.22509024,3212276.4787581405
2021-01-03 00:00:00 UTC,0.003948830320316938,92616258.15611263,3352716.2435277514
2021-01-04 00:00:00 UTC,0.0039061906567661757,91571406.98137346,3789142.0597634823
2021-01-05 00:00:00 UTC,0.0037284505710073503,87451839.71552862,4105694.744201558
2021-01-06 00:00:00 UTC,0.0037957814422638655,89162516.17846048,3394497.182478062
2021-01-07 00:00:00 UTC,0.004061211767140062,96031078.232695,4328010.139820347
2021-01-08 00:00:00 UTC,0.004267188431653611,100581495.51620558,5416364.154548969
2021-01-09 00:00:00 UTC,0.004611714272219824,108046897.76066485,6970448.743423074
2021-01-10 00:00:00 UTC,0.0045522457380262095,106950925.60755609,4570756.042081877
2021-01-11 00:00:00 UTC,0.004766590590967239,111871103.89641455,6519010.663161062
2021-01-12 00:00:00 UTC,0.004343444013295968,102683113.3838857,6968701.751288689
2021-01-13 00:00:00 UTC,0.004348937738578315,102577935.26452142,3261297.374294882
2021-01-14 00:00:00 UTC,0.00448758578204086,105103570.83774707,3587883.149252193
2021-01-15 00:00:00 UTC,0.004442023923543132,104633998.48287104,4658984.042548604
2021-01-16 00:00:00 UTC,0.005075714070817492,119636486.24546875,9136166.242987847
2021-01-17 00:00:00 UTC,0.0053144407261332864,125090832.01314837,8913444.87868263
2021-01-18 00:00:00 UTC,0.005293319658569174,125189877.84291181,5077887.9879196845
2021-01-19 00:00:00 UTC,0.005315574034004463,125768553.45910928,4983186.876247526
2021-01-20 00:00:00 UTC,0.0051308848236376004,121092190.87966609,5535074.7141894065
2021-01-21 00:00:00 UTC,0.004844928874880133,114287466.37429167,4571857.32213345
2021-01-22 00:00:00 UTC,0.00448955324298418,106461445.52391763,4184489.714737555
2021-01-23 00:00:00 UTC,0.005795672088999915,137420349.37660304,15832806.335368939
2021-01-24 00:00:00 UTC,0.005818114966337562,138151011.3630124,7595209.553075597
2021-01-25 00:00:00 UTC,0.005836128340309225,138781785.6873679,5750848.364521297
2021-01-26 00:00:00 UTC,0.006002157648491871,142114095.5384625,10279621.191395687
2021-01-27 00:00:00 UTC,0.005826089938161688,140312761.50833774,51898865.94438068
2021-01-28 00:00:00 UTC,0.005119694528530364,121495296.24393967,21011182.716138776
2021-01-29 00:00:00 UTC,0.005234772426057021,124080922.98356752,20200784.386944197
2021-01-30 00:00:00 UTC,0.005244846352745416,124602782.42615974,15861455.010980561
2021-01-31 00:00:00 UTC,0.005450616244761521,129138465.7183435,10127321.040553646
2021-02-01 00:00:00 UTC,0.005308131515759159,126260366.42117813,8795478.384243159
2021-02-02 00:00:00 UTC,0.005611349106939608,132053101.99071172,10356416.579955833
2021-02-03 00:00:00 UTC,0.006018783232700679,143280005.0666456,14051223.700552018
2021-02-04 00:00:00 UTC,0.006427885326114484,152603301.06423044,18357968.604621682
2021-02-05 00:00:00 UTC,0.006125898740244321,147487376.07356268,10258602.456114182
2021-02-06 00:00:00 UTC,0.006647127051080206,156791236.39979246,12115676.866024714
2021-02-07 00:00:00 UTC,0.006284610666038101,150406881.67995632,9758263.886019686
2021-02-08 00:00:00 UTC,0.007823812230693141,181128454.27289093,28277464.09637715
2021-02-09 00:00:00 UTC,0.007740799101606538,183273134.0868869,22347505.493936077
2021-02-10 00:00:00 UTC,0.008139530662761912,194111975.330281,22283932.48591446
2021-02-11 00:00:00 UTC,0.007962463931744355,190531643.27723646,17920400.531333312
2021-02-12 00:00:00 UTC,0.009396943598409781,225029613.54424652,24686509.439075343
2021-02-13 00:00:00 UTC,0.009845205188177879,235964825.1631069,31302639.042593513
2021-02-14 00:00:00 UTC,0.010224680844520584,246017993.4010302,29119904.173709277
2021-02-15 00:00:00 UTC,0.011185868689918598,266820468.4872989,28850572.37478909
2021-02-16 00:00:00 UTC,0.010430883583234416,253066070.42176434,28462699.485041466
2021-02-17 00:00:00 UTC,0.010013421057026557,239832933.9514703,20450747.41941837
2021-02-18 00:00:00 UTC,0.00997202427551902,238739911.68524146,17455960.82797896
2021-02-19 00:00:00 UTC,0.010279879668702334,245843618.15985188,12646381.023478888
2021-02-20 00:00:00 UTC,0.010092266880169743,241628174.7341752,17608521.813592352
2021-02-21 00:00:00 UTC,0.010067344085603634,241736682.68663886,21372357.990102865
2021-02-22 00:00:00 UTC,0.010559926097931454,249639468.4291125,14083725.073337624
2021-02-23 00:00:00 UTC,0.009938309945380638,238306643.1433293,26619028.00100049
2021-02-24 00:00:00 UTC,0.008305141523079018,197979728.03392264,23815113.2652441
2021-02-25 00:00:00 UTC,0.009116357459285119,218863324.4075717,18773539.35665566
2021-02-26 00:00:00 UTC,0.013637595160728586,336864632.8482374,184964235.61084417
2021-02-27 00:00:00 UTC,0.011782188459259471,281894198.7038316,90022388.61171147
2021-02-28 00:00:00 UTC,0.010833005077643516,259523463.18266076,29922220.17656259
2021-03-01 00:00:00 UTC,0.010059123381820304,242966846.0715859,23973688.683236543
2021-03-02 00:00:00 UTC,0.010705316244009484,257005650.92400205,24537385.837401584
2021-03-03 00:00:00 UTC,0.010928908471662726,262921996.72449657,26621339.260380227
2021-03-04 00:00:00 UTC,0.011505408387710473,277460797.7252691,22452145.949243244
2021-03-05 00:00:00 UTC,0.010453025218322665,252179840.81115857,20591627.712115314
2021-03-06 00:00:00 UTC,0.010285364661611462,248699633.03606158,21826222.31907564
2021-03-07 00:00:00 UTC,0.010705854935153265,261342703.61693844,20355478.230326846
2021-03-08 00:00:00 UTC,0.01093547422279379,263086606.808838,14573607.199004523
2021-03-09 00:00:00 UTC,0.010659417204954967,258378740.67571753,18251160.388894085
2021-03-10 00:00:00 UTC,0.012128349100626275,294089205.10701305,31631082.0249919
2021-03-11 00:00:00 UTC,0.013340659033298738,323528287.5972931,58999097.8795712
2021-03-12 00:00:00 UTC,0.015554643882145223,374403048.0435436,96818090.90623479
2021-03-13 00:00:00 UTC,0.016616935403099678,401022586.6953079,62145259.1240333
